,Moedas,Valores
0,Dólar,4.080665467625899
1,Euro,4.5377
2,Bitcoin,32881.884057971016
